experiment,image_name,r2_total,r2_per_task,rmse,chamfer_distance,train_time,train_samples,test_samples
matern05_rank5,000115.JPG,0.6899349984449564,[0.99616364 0.98863811 0.98371658 0.41452163 0.37512094 0.38144909],0.12888934094490453,0.2075395537003829,2.1778512001037598,982,246
matern05_rank5,000117.JPG,0.6955094761832582,[0.99456186 0.98728135 0.99155134 0.45434151 0.40621556 0.33910524],0.13658324073423042,0.2598905465365428,1.7783129215240479,865,217
matern05_rank5,000079.JPG,0.7631750115067293,[0.96839855 0.95239426 0.94786645 0.54789004 0.49055527 0.67194549],0.12983465110833603,0.2390139136172007,1.6767261028289795,833,209
matern05_rank5,000072.JPG,0.6797330430699645,[0.99509461 0.99248314 0.97562241 0.3905205  0.34648865 0.37818895],0.129334315440771,0.21427156780500892,1.6817641258239746,817,205
