experiment,image_name,r2_total,r2_per_task,rmse,chamfer_distance,train_time,train_samples,test_samples
matern25_wendland_rank3,000115.JPG,0.6340886404901801,[0.99457821 0.9892546  0.98148582 0.32465013 0.3003825  0.2141806 ],0.13901388491548555,0.2529257385195172,2.1450071334838867,982,246
matern25_wendland_rank3,000117.JPG,0.6848512461398233,[0.99209161 0.99508169 0.98446716 0.35208891 0.29630845 0.48906965],0.1414394272809651,0.2711730062751406,1.791895866394043,865,217
matern25_wendland_rank3,000079.JPG,0.75769695851712,[0.96417629 0.94893031 0.94316659 0.53265389 0.50298481 0.65426987],0.1312043565920962,0.2458640814152126,1.7123148441314697,833,209
matern25_wendland_rank3,000072.JPG,0.6499269912095434,[0.99523433 0.98381329 0.97554296 0.33687026 0.25544169 0.35265942],0.1355159848904818,0.24277545972246817,1.6380538940429688,817,205
