experiment,image_name,r2_total,r2_per_task,rmse,chamfer_distance,train_time,train_samples,test_samples
matern05_rank1,000115.JPG,0.647371276210463,[0.99312881 0.98915523 0.98205979 0.35380104 0.29497546 0.27110733],0.13681639944287857,0.24023890849729335,2.12778902053833,982,246
matern05_rank1,000117.JPG,0.6693501968876611,[0.99332015 0.99169772 0.99044292 0.3242728  0.31322071 0.40314687],0.14417408569814674,0.27120537021643365,1.6526658535003662,865,217
matern05_rank1,000079.JPG,0.7494395946614526,[0.94923569 0.94164389 0.94472269 0.510392   0.5222449  0.62839841],0.13319725637238192,0.2562454221880509,1.5813210010528564,833,209
matern05_rank1,000072.JPG,0.6608746997407705,[0.97948755 0.99122209 0.97048696 0.31417222 0.30259066 0.40728872],0.13421907289079715,0.24289422966192326,1.451658010482788,817,205
