experiment,image_name,r2_total,r2_per_task,rmse,chamfer_distance,train_time,train_samples,test_samples
matern05_rank3,000115.JPG,0.6768492312941156,[0.99521498 0.99016535 0.98370327 0.36266574 0.39718297 0.33216307],0.13148846850728385,0.22173180742712256,2.061845064163208,982,246
matern05_rank3,000117.JPG,0.6956536905037575,[0.99429533 0.99320148 0.9897069  0.37974202 0.38085094 0.43612547],0.13814036972938293,0.24927709361508288,1.6795680522918701,865,217
matern05_rank3,000079.JPG,0.7686522388177731,[0.96197415 0.94530453 0.9424782  0.55468672 0.53016956 0.67730027],0.12815538254116932,0.22594652002856974,1.581507921218872,833,209
matern05_rank3,000072.JPG,0.6327872370790626,[0.99705684 0.99147395 0.97629439 0.31408706 0.2459155  0.27189567],0.1381427180580274,0.24437919126049118,1.5581681728363037,817,205
