experiment,image_name,r2_total,r2_per_task,rmse,chamfer_distance,train_time,train_samples,test_samples
matern05_rank6,000115.JPG,0.6767163226350471,[0.99459719 0.99086251 0.98489712 0.43779989 0.32711308 0.32502814],0.13056112655627136,0.21955936451637326,2.134674310684204,982,246
matern05_rank6,000117.JPG,0.6950976505728471,[0.991031   0.99280878 0.9915155  0.34223583 0.36943359 0.48356121],0.1390419850225405,0.2568435480019312,1.7990961074829102,865,217
matern05_rank6,000079.JPG,0.78118516730015,[0.96332774 0.95453386 0.94569561 0.58586066 0.56237289 0.67532025],0.12444328333813838,0.20526414314042868,1.6984670162200928,833,209
matern05_rank6,000072.JPG,0.6813996543429783,[0.99624588 0.99206693 0.97802371 0.36920788 0.35350139 0.39935215],0.12950387199212945,0.21509931114586198,1.6556637287139893,817,205
